id,created_at,favorites,retweets,text
1124744797342846983,2019-05-04 18:37:11,3,1,"b""We are extending the survey window a little longer and HOPE that everyone who hasn't filled one out, will\xc2\xa0\xf0\x9f\x92\xbb\xf0\x9f\x99\x8f\xf0\x9f\x8f\xbd  \xc2\xa0It\xe2\x80\xa6 https://t.co/SayYeWmnYc"""
1124744575883653120,2019-05-04 18:36:18,2,0,"b""We are extending the survey window a little longer and HOPE that everyone who hasn't filled one out, will\xc2\xa0\xf0\x9f\x92\xbb\xf0\x9f\x99\x8f\xf0\x9f\x8f\xbd  \xc2\xa0It\xe2\x80\xa6 https://t.co/BoPr4ve2wI"""
1124744293711798273,2019-05-04 18:35:11,0,0,"b""We are extending the survey window a little longer and HOPE that everyone who hasn't filled one out, will\xc2\xa0\xf0\x9f\x92\xbb\xf0\x9f\x99\x8f\xf0\x9f\x8f\xbd  \xc2\xa0It\xe2\x80\xa6 https://t.co/fiA6kjL5gY"""
1123666437573201920,2019-05-01 19:12:10,1,0,b'Big shoutout to @grainsurfboards \xf0\x9f\x8f\x84\xf0\x9f\x8f\xbe\xe2\x80\x8d\xe2\x99\x82\xef\xb8\x8f who has taken sustainable practices to an amazing level \xf0\x9f\x8c\xb2We have a link to a\xe2\x80\xa6 https://t.co/E22oMSF67e'
1120522275382493184,2019-04-23 02:58:23,3,0,"b'\xf0\x9f\x8c\xb3 Today, and always, consider what role you play in protecting the things that are truly important. Happy Easter an\xe2\x80\xa6 https://t.co/CXZGcPDq0R'"
1119033498562469889,2019-04-19 00:22:31,18,12,b'A good friend of ours and a graduate student at @Scripps_Ocean is conducting a survey to learn how to engage surfer\xe2\x80\xa6 https://t.co/yluMIg65ST'
1115307002153115659,2019-04-08 17:34:45,3,0,b'Ever wonder what happens to your broken surfboards that end up in the can after those gnarly set waves?\xc2\xa0\xf0\x9f\x8c\x8a\xc2\xa0\xe2\x80\xa6 https://t.co/xt98LiJ6oD'
1107331857950146566,2019-03-17 17:24:22,3,0,"b'From our team at @Smartfinproject, we wish everyone a happy St. Patrick\xe2\x80\x99s Day\xc2\xa0\xf0\x9f\x8d\x80\xf0\x9f\x8c\x88\xf0\x9f\x92\xb0\xc2\xa0and an amazing rest of the weeken\xe2\x80\xa6 https://t.co/jbRHRV07ni'"
1104426674400227328,2019-03-09 17:00:13,7,2,b'Wednesday at @amplifiedales \xf0\x9f\x8d\xba\xc2\xa0We heard about progressive asymmetrical surf boards by @shaperstudios\xc2\xa0\xf0\x9f\x8f\x84\xf0\x9f\x8f\xbd  and got to\xe2\x80\xa6 https://t.co/K6l9RoiJS7'
1103686916350922755,2019-03-07 16:00:41,5,1,"b'@insituphile will be speaking at @SXSW event on 3/11, 5-6pm\nWhere: Hilton, Downtown Austin TX\nPanelists: Lauren Ell\xe2\x80\xa6 https://t.co/02MIStewI9'"
1101947976275058688,2019-03-02 20:50:45,17,4,b'Surfing is a way of life \xf0\x9f\x8f\x84\xf0\x9f\x8f\xbd\xe2\x80\x8d\xe2\x99\x80\xef\xb8\x8f and the ocean is a resource that everyone depends on \xf0\x9f\x8c\x8a  \n@fleetscience has made it p\xe2\x80\xa6 https://t.co/lUDgnU5BNm'
1100969666615304192,2019-02-28 04:03:18,12,1,b'We want to give a big shout out to @sd_greendrinks for putting together this awesome community meet up last week at\xe2\x80\xa6 https://t.co/RToxh5lizW'
1076885032201940993,2018-12-23 16:59:33,7,1,"b'Amazing work, Smartfin family! https://t.co/yjxKVGrHDL'"
1074850186738855936,2018-12-18 02:13:48,2,0,"b'@zach_shelby Thank so much for hosting, @zach_shelby and @DCivin! We learned so much are are extra stoked to connec\xe2\x80\xa6 https://t.co/zKS7rRW8CN'"
1074849824388706304,2018-12-18 02:12:22,0,2,b'RT @zach_shelby: We recently hosted Smartfin with @DCivin to help get their new @Arm Cellular-based sensing fins to scale - I expect to see\xe2\x80\xa6'
1074849805547888640,2018-12-18 02:12:18,0,1,"b'RT @insituphile: Such a cool experience with @zach_shelby and @DCivin of @Arm last week! Great conversations and, equally importantly, my f\xe2\x80\xa6'"
1074701895162388482,2018-12-17 16:24:33,7,3,"b'Smartfin Ambassadors, Trace &amp; Richard, are traveling the coast of Peru for research! They\xe2\x80\x99ll be talking to local co\xe2\x80\xa6 https://t.co/oWxirMOAHr'"
1072138553344299009,2018-12-10 14:38:45,10,5,"b'Our friend, Karin Johansson, is investigating how Smartfins successfully engage surfers in citizen science for her\xe2\x80\xa6 https://t.co/V8n1ZgoYJl'"
1060561154274156544,2018-11-08 15:54:18,0,2,"b'RT @SUPScientist: The ocean to surfers: \xe2\x80\x9cit\xe2\x80\x99s our office, it\xe2\x80\x99s our playground, it\xe2\x80\x99s our church\xe2\x80\x9d ~ @reece of @wsl PURE. Love the definition\xe2\x80\xa6'"
1060560974271447040,2018-11-08 15:53:35,0,36,b'RT @CitizenSciences: Our paper \xe2\x80\x9c\xe2\x80\x98Citizen Science\xe2\x80\x99? Rethinking Science and Public  Participation\xe2\x80\x9d is finally published:  https://t.co/8nGoKA\xe2\x80\xa6'
1060560878603513856,2018-11-08 15:53:12,0,1,b'RT @SUPScientist: At @MIT\xe2\x80\x99s @medialab for #allhandsondeck #noef2018 learning from the many other ocean explorers and sharing the @smartfinp\xe2\x80\xa6'
1060560816058052610,2018-11-08 15:52:57,0,1,b'RT @SUPScientist: Stoked to be here representing @smartfinproject and learning about all the amazing ocean exploration initiatives people h\xe2\x80\xa6'
1059445289776570375,2018-11-05 14:00:15,9,0,"b'Here is Smartfin Ambassador and St. Barts native, Thomas Ledee, representing Team France at the Vissla ISA World Ju\xe2\x80\xa6 https://t.co/gG13hIwDuS'"
1057396099307102209,2018-10-30 22:17:30,10,4,"b'Check out our Lead Engineer, @SUPScientist, talk about Smartfin in this new video by @particle. \xf0\x9f\xa4\x99yew\xf0\x9f\xa4\x99 https://t.co/HwqQ8rjeWJ'"
1051993567399428096,2018-10-16 00:29:46,16,4,"b'Check out this amazing blog post about climate-change and the Smartfin Project, written by citizen-scientist, David\xe2\x80\xa6 https://t.co/LgjfyaFt1T'"
1049415113189384192,2018-10-08 21:43:54,1,0,"b'Check out this cool post from the The Sasakawa Peace Foundation\xef\xbc\x88SPF), authored by our very own head of tech develop\xe2\x80\xa6 https://t.co/SsYcWWgtPQ'"
1049350381950709761,2018-10-08 17:26:41,2,1,b'Smartfin is in the middle of the Atlantic Ocean! Check out this underwater video we just received from Dr. Bob Brew\xe2\x80\xa6 https://t.co/ffky7pjEI2'
1049331270629687296,2018-10-08 16:10:45,18,13,b'Check out this underwater video we just received from Dr. Bob Brewin aboard the RSS James Clarke Ross. He has deplo\xe2\x80\xa6 https://t.co/aZPJPZfR50'
1048284952167682048,2018-10-05 18:53:03,0,0,b'https://t.co/ZP2i2GZnGs'
1047608883718418432,2018-10-03 22:06:36,0,5,"b""RT @particle: Join oceanographer \xf0\x9f\x8f\x84 @SUPScientist of @smartfinproject, atmospheric chemist @dhagan7 of @mit, and the mind behind @Envirofit'\xe2\x80\xa6"""
1047262568241197056,2018-10-02 23:10:28,9,6,"b'Our lead engineer, @SUPScientist, is in SF this week talking tech and ocean conservation alongside some other fasci\xe2\x80\xa6 https://t.co/VV959NKEry'"
1047261717422436355,2018-10-02 23:07:05,0,8,"b'RT @FreddieSail: Bob  @rjbrewin, testing his @smartfinproject equipped surfboard during #AMT28 to compare data with all the other temperatu\xe2\x80\xa6'"
1043900005226930176,2018-09-23 16:28:50,0,4,"b""RT @Scripps_Ocean: Missed Phil Bresnahan's #CreativeMornings talk about the @smartfinproject? The entire talk is now online! Cozy up and li\xe2\x80\xa6"""
1042968693431394304,2018-09-21 02:48:08,8,2,b'Z1 coming soon! https://t.co/YmtviWvjtw'
1039948424655720448,2018-09-12 18:46:40,11,2,b'Pretty amazing to be working in this field with a living legend! https://t.co/tpqpQ2m0qN'
1033166475056410625,2018-08-25 01:37:37,0,13,"b'RT @Scripps_Ocean: With a passion for surfing and citizen science, Phil created an innovative way to get ocean lovers involved in collectiv\xe2\x80\xa6'"
1033166370647638022,2018-08-25 01:37:12,0,4,b'RT @Scripps_Ocean: \xe2\x80\x9cTalk to people about your passions. Talking about surfing allows me to have conversations about my work and climate cha\xe2\x80\xa6'
1033166330134839296,2018-08-25 01:37:03,0,4,b'RT @Scripps_Ocean: Scripps scientist Phil Bresnahan (@SUPScientist) is speaking at Creative Mornings San Diego. Follow our thread to learn\xe2\x80\xa6'
1032049596019691523,2018-08-21 23:39:32,5,5,"b""Smartfin's Founder, Andy Stern, and Surfrider's Colleen Henn will be presenting Smartfin at The Explorers Club Suns\xe2\x80\xa6 https://t.co/V7MGWi1ZWq"""
1030599291625136128,2018-08-17 23:36:33,0,15,b'RT @Scripps_Ocean: This Scripps scientist is working on empowering citizen scientists in \nhis community through the @smartfinproject. Mark\xe2\x80\xa6'
1030560870374338560,2018-08-17 21:03:53,0,1,b'RT @mckelmer: .@smartfinproject: surfers turned citizen scientists. Collect coastal climate data while you shred! @Scripps_Ocean https://t.\xe2\x80\xa6'
1030249702363553794,2018-08-17 00:27:24,9,4,"b""Vote for the Getting Communities Stoked on Science panel at next year's SXSW to give our team an awesome opportunit\xe2\x80\xa6 https://t.co/kzMbg66KFc"""
1030248067470123009,2018-08-17 00:20:55,2,0,"b""Vote for the Getting Communities Stoked on Science panel at next year's SXSW to give our team an awesome opportunit\xe2\x80\xa6 https://t.co/kggpVB4su5"""
1028355814342504448,2018-08-11 19:01:46,6,2,"b'Our lead engineer, Phil, captured some cool shots of the sunset in between the Scripps Pier pilings as well as a tr\xe2\x80\xa6 https://t.co/vySHVk5tLm'"
1028052480947445761,2018-08-10 22:56:26,0,5,"b'RT @SUPScientist: The sun set directly through the @Scripps_Ocean Pier pilings yesterday, just a few hours after the @shoresta100 record wa\xe2\x80\xa6'"
1027281392483282944,2018-08-08 19:52:24,0,409,"b'RT @Scripps_Ocean: Yesterday, Scripps researchers logged the warmest sea-surface temperature at Scripps Pier since records began in August\xe2\x80\xa6'"
1027281282827399168,2018-08-08 19:51:58,0,5,b'RT @sea_stained: https://t.co/te9rO9dpJZ'
1027281247289073664,2018-08-08 19:51:49,0,28,b'RT @Oceanwire: Surfer science? @SUPScientist talks about how @Scripps_Ocean is turning surfers into citizen scientists by equipping them wi\xe2\x80\xa6'
1024121377781993472,2018-07-31 02:35:38,0,4,b'RT @SciStarter: Celebrate summer with citizen science \xf0\x9f\x8c\x9e\xf0\x9f\x8c\x8a https://t.co/lu892nujcT #citizenscience https://t.co/3JDBlje4J6'
1021802283036762117,2018-07-24 17:00:23,8,3,b'In case you missed it - check out the recent interview with Smartfin &amp; @Scripps_Ocean researcher Dr. Tyler Cyronak\xe2\x80\xa6 https://t.co/Svv1x4ZMni'
1021802235968344064,2018-07-24 17:00:11,0,0,b'In case you missed it - check out the recent interview with Smartfin and @scrippsocean researcher Dr. Tyler Cyronak\xe2\x80\xa6 https://t.co/uiIxh1CSrB'
1020349425636560896,2018-07-20 16:47:14,1,0,b'Really cool video from Surfrider Foundation! https://t.co/YWqIXTeOsg'
1020320610960805889,2018-07-20 14:52:44,0,4,b'RT @JennyWoodman: A great story from @NPR about @SUPScientist and his work on @smartfinproject -- collecting #ocean #data with #surfers --\xe2\x80\xa6'
1020320252645666816,2018-07-20 14:51:19,0,3,b'RT @jackie_randles: Learning about how @smartfinproject contributes to knowledge about #ClimateChange via the world\xe2\x80\x99s #surfing community -\xe2\x80\xa6'
1019403406207692800,2018-07-18 02:08:06,0,4,"b'RT @jiqtoo: The @smartfinproject, my favorite @particle-powered project, made it to the airwaves of @npratc! https://t.co/FWUFO4xHfx'"
1019353933905612802,2018-07-17 22:51:31,9,2,b'Smartfin researcher Tyler Cyronak will be chatting with the hosts of Swell Season Surf Radio tonight on @kpissfm. L\xe2\x80\xa6 https://t.co/U45zQHdxBV'
1019289785276350464,2018-07-17 18:36:36,0,25,b'RT @NathanRott: Surfing for science. Researchers at @Scripps_Ocean hope to get more data from violent parts of the ocean - reefs and coasts\xe2\x80\xa6'
1019289682687942661,2018-07-17 18:36:12,0,1,"b'RT @laurenfimbres: A pretty good #PR day when you get to coordinate an ""interview"" over a surf session at Black\'s Beach. More on how @smart\xe2\x80\xa6'"
1019289602668969984,2018-07-17 18:35:53,0,4,"b""RT @SUPScientist: When @NPR's @NathanRott &amp; I arranged a time to go surfing during his visit to @Scripps_Ocean, I was thrilled just to have\xe2\x80\xa6"""
1019289494070022144,2018-07-17 18:35:27,1,0,"b'@JustKare @NPR Thanks so much, @JustKare!'"
1019289355544715264,2018-07-17 18:34:54,0,1,b'RT @JustKare: I\xe2\x80\x99ve been familiar with @smartfinproject for a couple of years. Was great to hear this amazing startup team on @NPR yesterday\xe2\x80\xa6'
1019013835536117764,2018-07-17 00:20:05,11,3,"b'""The idea is to put the sensors on boards of people who seek out that madness."" Take a listen to NPR\'s All Things C\xe2\x80\xa6 https://t.co/oXHUn6U0Fy'"
1019013834827288576,2018-07-17 00:20:05,38,13,"b'""The idea is to put the sensors on boards of people who seek out that madness."" Take a listen to NPR\'s All Things C\xe2\x80\xa6 https://t.co/fvd6c1DhwI'"
1010321447510790144,2018-06-23 00:39:38,0,0,b'Happy Friday Everyone! Enjoy the weekend and the waves! A great clip made by @_boxfilms. (thank you!)\xe2\x80\xa6 https://t.co/5fP23apSBy'
1010321349166977031,2018-06-23 00:39:15,2,0,b'Happy Friday Everyone! Enjoy the weekend and the waves! A great clip made by @_boxfilms. (thank you!)\xe2\x80\xa6 https://t.co/YWr84tCDFC'
1007366364045062144,2018-06-14 20:57:11,14,7,"b""\xf0\x9f\x93\xb8by @SurfriderSD #Internationalsurfingday is this Saturday! Come join us at La Jolla Shores, CA from 10-3pm. We'll\xe2\x80\xa6 https://t.co/uaIwIku4xs"""
1006281169715978241,2018-06-11 21:05:01,0,9,b'RT @OurBluePlanet: #BluePlanet2 filming allows scientific study and publishing of new paper: https://t.co/Oi7QfORAwn\n\nW/ @BBCEarth + @Manta\xe2\x80\xa6'
1006280762549653504,2018-06-11 21:03:24,0,3,"b""RT @morgiejb: It's #WorldOceansDay and I'm so excited to share a couple @SDGE Environmental Champions grantees who work on ocean conservati\xe2\x80\xa6"""
1006280669071269890,2018-06-11 21:03:01,0,12,b'RT @WMO: #WorldOceansDay Surfing scientist Bob Brewin speaks at WMO on use of smart fins to improve coastal watch. Estimated 40 mil annual\xe2\x80\xa6'
1006280645662760960,2018-06-11 21:02:56,0,4,"b""RT @SUPScientist: So much potential data!!! \n\nGreat writeup, @WMO, and great pic, @rjbrewin. It's impossible to overstate how happy we are\xe2\x80\xa6"""
1004040652672208897,2018-06-05 16:42:00,7,1,"b""Smartfin's Founder, Andy Stern, is now live on the Technology Panel at The Explorers Club!  #worldoceansweek\xe2\x80\xa6 https://t.co/1HdWHjSq5y"""
1003694829090455552,2018-06-04 17:47:49,0,5,b'RT @scripps_climate: Remember the #bioluminescence last month? Phil Bresnahan (@SUPScientist) of the @smartfinproject observed the phenomen\xe2\x80\xa6'
1003694809351983104,2018-06-04 17:47:44,0,2,"b'RT @SUPScientist: A great example of opportunistic oceanography\xe2\x80\x94way more feasible with small, easy to use, mobile sensor packages! Thanks f\xe2\x80\xa6'"
1002615653847592960,2018-06-01 18:19:34,8,1,b'Really great to be a part of the @UCSanDiego #UPSummit! Looking forward to working with many of the researchers and\xe2\x80\xa6 https://t.co/sffCWPV6aa'
994645763647946753,2018-05-10 18:30:04,10,1,"b'It was such an exciting experience to be included in BBC Earth\'s ""Our Blue Planet"" film. @OurBluePlanet @BBCEarth\xe2\x80\xa6 https://t.co/1eQvMJCxdn'"
988862812498771968,2018-04-24 19:30:41,7,6,"b""WATCH this interesting piece about Smartfin's and Scripps Institute of Oceanography collaborator Bob Brewin at Plym\xe2\x80\xa6 https://t.co/acyx7laqbq"""
988862738247159808,2018-04-24 19:30:23,7,2,b'WATCH great @euronews video about Smartfin &amp; @Scripps_Ocean collaborator @rjbrewin at @PlymouthMarine. Bob surfs Sm\xe2\x80\xa6 https://t.co/fV2ElrukCE'
984880198977032193,2018-04-13 19:45:12,1,1,"b""Check out the latest article about Smartfin! Smartfin's Senior Sensor Researcher &amp; Developer, Phil Bresanhan and Po\xe2\x80\xa6 https://t.co/e7JBRXQY4O"""
984880193469861895,2018-04-13 19:45:10,2,1,"b""Check out the latest article about Smartfin! Smartfin's Senior Sensor Researcher &amp; Developer, Phil Bresanhan and Po\xe2\x80\xa6 https://t.co/E71K4aEsG9"""
979787865361207296,2018-03-30 18:30:05,7,3,"b'We are happy to announce our newest Smartfin Ambassadors from St. Barts, pro-surfers, and brothers Noe and Thomas L\xe2\x80\xa6 https://t.co/JOhMp4ukLO'"
979787681772253184,2018-03-30 18:29:21,10,2,"b'We are happy to announce our newest Smartfin Ambassadors from St. Barts, pro-surfers, and brothers Noe and Thomas L\xe2\x80\xa6 https://t.co/YUsTLqvRjm'"
971942922491895809,2018-03-09 02:57:05,0,8,b'RT @Scripps_Ocean: The first doctoral degree in #oceanography given to an American women was conferred by Scripps to Easter Ellen Cupp in 1\xe2\x80\xa6'
971942540394971136,2018-03-09 02:55:34,7,1,b'#internationalwomensday https://t.co/TzoBpK8Y33'
969236181119479809,2018-03-01 15:41:27,4,3,"b'Our international collaborator, Senior Scientist Bob Brewin, just went for one of the coldest surfs with a\xe2\x80\xa6 https://t.co/v8kMvF6tsy'"
969048752899088384,2018-03-01 03:16:41,9,0,b'Yew!!! \xf0\x9f\xa4\x99 https://t.co/HsqY3Ub6ub'
968684381907791873,2018-02-28 03:08:48,1,0,"b'@CitSciOZ @SCUniversity Thanks for the post! \xf0\x9f\x98\x8a The Smartfin team just wants to clarify that the data is free, but S\xe2\x80\xa6 https://t.co/G6mRYJUKwy'"
967180126877339650,2018-02-23 23:31:26,11,4,"b'Renaud Joannes-Boyau, the Senior Researcher at Southern Cross University, will be demonstrating the Smartfin at thi\xe2\x80\xa6 https://t.co/rXCDbI3VgH'"
956283539628089344,2018-01-24 21:52:17,0,0,b':) Yew! https://t.co/nIZLULeVzm'
955530817207459841,2018-01-22 20:01:14,2,0,"b""We hope everyone got some waves this weekend! Here's Dave Schwartz, a #surfrider member, catching some fun ones wit\xe2\x80\xa6 https://t.co/HDEOw2Zrgi"""
953688779872665600,2018-01-17 18:01:38,3,1,"b""#WBW to Oct 2015 when Smartfin's Founder, Andy Stern, was invited to present &amp; celebrate the first launch of the Co\xe2\x80\xa6 https://t.co/t9f0hl7Smr"""
951514161393135616,2018-01-11 18:00:29,2,2,"b'Our Director of Manufacturing, Jon ""JR"" Richard is a key member to our Smartfin Team, he\'s constantly innovating on\xe2\x80\xa6 https://t.co/SBU2vaVgZ5'"
949339959177203712,2018-01-05 18:00:58,10,2,"b""We're stoked to be collaborating with the research group led by Dr. Issac Santos at the National Marine Science Cen\xe2\x80\xa6 https://t.co/lTMg8qPrqL"""
935235214971826176,2017-11-27 19:53:45,6,3,"b'\xe2\x80\x9cAll scientists agree that these are the extraordinary issues of our time,\xe2\x80\x9d Bresnahan said. \xe2\x80\x9cOn a community... https://t.co/j1S187BXVt'"
923247951618629633,2017-10-25 18:00:39,1,1,"b'Kicking off #UCSDChangemakers with @a_hewitt: ""how do we change the game so that having winners doesn\'t mean there\xe2\x80\xa6 https://t.co/psmH8XhdBc'"
923246665598771200,2017-10-25 17:55:32,0,6,"b""RT @Scripps_Ocean: Join @Scripps_Ocean today to celebrate #UCSDChangemakers &amp; check out @smartfinproject's session, 4:00-4:45 p.m. https://\xe2\x80\xa6"""
923228173822656514,2017-10-25 16:42:04,0,0,b'https://t.co/CIC9YoWEf3'
921074841888985089,2017-10-19 18:05:29,4,1,b'Happy 100th birthday to one of the inventors of surf forecasting: Walter Munk! So glad to be studying the ocean... https://t.co/lx0OozdfPv'
921043282506940416,2017-10-19 16:00:05,2,1,"b""Join us next week at Changemaker Day at UCSD - free and open to students, alums, and community members! We'll be... https://t.co/4rc6Ak5yqB"""
920777586933764096,2017-10-18 22:24:18,0,9,b'RT @EFFICYCLE_fr: Les planches de #surf vont bient\xc3\xb4t analyser les #oc\xc3\xa9ans du #monde https://t.co/iuDOvhNXcV @Socialter @smartfinproject #DD\xe2\x80\xa6'
920777364895809536,2017-10-18 22:23:25,2,1,b'Where will you be next Wednesday? Come hang out with us! https://t.co/R8UczfVAVS'
919974478171463680,2017-10-16 17:13:02,0,0,b'https://t.co/2KJ5yiGFJx'
918978995525509123,2017-10-13 23:17:20,9,4,"b""Great weekend kickoff from Surfer! Thanks for the great write-up. Now it's time to go collect some ocean data! https://t.co/dkeBwuGBhq"""
917913853102407681,2017-10-11 00:44:51,0,0,"b""Have you noticed today's Google doodle?!? A hero of humanitarian aid and oceanography\xe2\x80\x94what a combo! https://t.co/lMsNsn5dnd"""
916066066828353541,2017-10-05 22:22:24,2,1,b'Our research engineer went up to Anchorage to check out the bore tide that results from the 30+ foot tidal range... https://t.co/CCLYeusjJv'
913621044417540097,2017-09-29 04:26:45,0,0,b'Chatting with the Panel after the Chasing Coral screening at the La Paloma https://t.co/N2EIMOM2KM'
913620636689326080,2017-09-29 04:25:08,0,0,b'I posted a new video to Facebook https://t.co/gqfzHjTYrA'
912727670357557248,2017-09-26 17:16:48,0,0,"b""We're stoked about the screening this Thursday! Mark your calendars for a chance to win raffle prizes from Avasol... https://t.co/bD1EC1Rb76"""
912404892194504707,2017-09-25 19:54:12,1,0,"b'Stoked to spend the day with our friends, Surfrider Foundation San Diego County Chapter at their Paddle for Clean... https://t.co/2Lsk7lVHew'"
910577230962614272,2017-09-20 18:51:44,5,3,"b""Awesome to see our friends at @PlymouthMarine featured in this month's @IntOceanSystems! Spotted at #Oceans17 https://t.co/pnuYPENT6T"""
910575676880592896,2017-09-20 18:45:33,0,1,b'RT @h2oexecutive: @mwdh2o supporting @SD_Coastkeeper and clean water with @smartfinproject! Collecting ocean science data and having fun! #\xe2\x80\xa6'
910575463008837637,2017-09-20 18:44:42,0,4,"b""RT @UCSBenioffOcean: Are surfboard 'smartfins' the next wave in ocean monitoring?\n\nhttps://t.co/KO6lceehmY https://t.co/bO2t2P8bn2"""
910575054710235136,2017-09-20 18:43:05,0,1,b'RT @SUPScientist: Maybe in a couple years it will be @smartfinproject on canoes and @saildrone! https://t.co/snoUmUHJqV'
910182668171489280,2017-09-19 16:43:53,0,1,"b'RT @SUPScientist: ""The only thing I have to share with you is a story""\xe2\x80\x94and quite a story it is. Mahalo, @NainoaT @HokuleaWWV #OCEANS17 http\xe2\x80\xa6'"
909212637602263040,2017-09-17 00:29:19,0,0,b'https://t.co/mBIDff40it'
909211893750931457,2017-09-17 00:26:22,1,0,"b""Even the Pro's do their part! :) Thank you Sally Fitzgibbons for sharing this video and for doing your part!... https://t.co/sMRAw0eu8F"""
908437058032517121,2017-09-14 21:07:27,3,1,b'Help our friends at Surfrider Foundation San Diego County Chapter win $20K so they can continue to protect San... https://t.co/YSb41yrzby'
906559115895349248,2017-09-09 16:45:10,0,28,"b'RT @Scripps_Ocean: Surfing for science? @sciencemagazine tests out the #Smartfin, w/ help from Scripps scientists and @smartfinproject. htt\xe2\x80\xa6'"
906265997505695745,2017-09-08 21:20:26,19,12,b'Thank you to @sciencemagazine for this incredible write up about Smartfin!  \n\n#oceanresearch #oceanawareness... https://t.co/YifQyA8HQJ'
906263396038922241,2017-09-08 21:10:05,6,2,b'Thank you to @sciencemagazine for this incredible write up about Smartfin! https://t.co/EZ5kDgNqS4   #oceanresearch\xe2\x80\xa6 https://t.co/X4zYTIb4qc'
905950076513726464,2017-09-08 00:25:04,0,1,"b'To all our friends on the East Coast, check out this talk that our founder, Dr. Andy Stern, is giving this... https://t.co/FFCFN8vA9p'"
902197464962174977,2017-08-28 15:53:32,1,0,b'@SanDiegoMag Thank you @SanDiegoMag for the great write up!'
901127157300244480,2017-08-25 17:00:31,2,1,b'Fridays.... ;)\n.\n.\n#oceanresearch #scienceisawesome #scrippinstitutionofoceanography #surf #futuresfins #stoke\xe2\x80\xa6 https://t.co/DdwYKG1171'
900768149771100164,2017-08-24 17:13:57,5,3,"b""#tbt to Smartfin's first generation of fins! \n.\n.\n#futuresfin #oceanresearch #oceanawarness #scienceisawesome\xe2\x80\xa6 https://t.co/jxVplLOyxE"""
898735990939860992,2017-08-19 02:38:52,2,0,b'Our Surfrider/Smartfin Volunteers Corine and Chris working the booth at the #techtoreconnect\xe2\x80\xa6 https://t.co/nMY6ApVGUS'
898627883513421824,2017-08-18 19:29:17,0,0,"b'Thanks for sharing our story, IYWTo!! https://t.co/yuZtQhRCr5'"
898420950877601793,2017-08-18 05:47:01,0,2,b'RT @morgiejb: Thanks @Scripps_Ocean and @SaltyCinema for hosting a screening of @ChasingCoral. So inspired and fired up! https://t.co/UqLgg\xe2\x80\xa6'
898420925200179201,2017-08-18 05:46:55,0,4,"b'RT @morgiejb: At @ChasingCoral screening, I got to see @SUPScientist rep @smartfinproject, 1 of @SDGE Envir Champs grants w @Surfrider @Scr\xe2\x80\xa6'"
895759511117606913,2017-08-10 21:31:24,0,0,"b'Language matters. We are out to play in, study, and cherish our living planet. How about you? https://t.co/cmoc4960oP'"
892580256392945664,2017-08-02 02:58:11,0,0,"b""Phil Bresnahan, Smartfin's Lead Engineer, talking about Smartfin's data that has been collected\xe2\x80\xa6 https://t.co/Ks7nsXoU2B"""
879719775378821120,2017-06-27 15:15:13,3,2,b'Smartfin goes East! Our lead R&amp;D engineer is at woodshole_ocean this week presenting Smartfin\xe2\x80\xa6 https://t.co/5QL5HvKZsZ'
876176959751036928,2017-06-17 20:37:20,0,0,"b""Hanging out at the @birchaquarium for the SEA Days event today from 11 - 3pm! If you're around come on by and... https://t.co/toYhQUX8qH"""
876163330813120512,2017-06-17 19:43:11,1,0,"b""Hanging out at the @birch_aquarium for the SEA Days event today from 11 - 3pm! If you're around\xe2\x80\xa6 https://t.co/nAKoJkahOO"""
872929191141834752,2017-06-08 21:31:52,3,0,b'Big thanks to the nearly 60 people who came out to our kick-off meeting with Surfrider Foundation San Diego... https://t.co/jF5BSWhkik'
867762285082583040,2017-05-25 15:20:25,6,1,"b""Do you want to surf for science? We're kicking things off next week with the Surfrider Foundation San Diego... https://t.co/QIS7Ojq6cB"""
863483969274335233,2017-05-13 19:59:55,0,1,b'Wanna surf a Smartfin? Come on down to Cardiff Reef and give it a go! Use your board or try one\xe2\x80\xa6 https://t.co/HB3PI4MCWi'
862796316765597696,2017-05-11 22:27:26,6,2,"b'Same mission, new handle. Introducing the @smartfinproject crew. Thank you for being a part of our community!\xe2\x80\xa6 https://t.co/w7Zun5esgm'"
860681728083603459,2017-05-06 02:24:49,0,0,"b'We will be hanging out at @BoardroomSurf all weekend, with the  @sustainsurf crew. Come on by\xe2\x80\xa6 https://t.co/djuxn5bJjh'"
858066434404089860,2017-04-28 21:12:34,1,1,b'Mark your calendars! The San Diego Surf Film Festival is just around the corner and we are\xe2\x80\xa6 https://t.co/KXelPh2qm5'
857784035090735104,2017-04-28 02:30:25,2,0,"b'Got questions about Smartfin? Creator, Andy Stern and @Surfrider, Shannon Waters are live on Facebook to answer you\xe2\x80\xa6 https://t.co/g1LgD6bpXU'"
857782955443236864,2017-04-28 02:26:08,0,0,"b""Got questions about Smartfin? A live Q&amp;A happening now, with creator Andy Stern and Surfrider's Shannon Waters.... https://t.co/qiyMCEktoe"""
857746224996261888,2017-04-28 00:00:10,0,0,"b'Tune in to PBS tonight at 9pm to check out the The Crowd And The Cloud, featuring Surfrider and our partner,... https://t.co/VlSsOrbz9k'"
857746188665184256,2017-04-28 00:00:02,0,0,"b'Tune in to @PBS at 9pm for #TheCrowdAndTheCloud featuring, @TheSmartfin, and then check out the live Q&amp;A on Faceboo\xe2\x80\xa6 https://t.co/KwDzMcVNpG'"
857642616925466624,2017-04-27 17:08:28,7,2,"b'Catch us and @Surfrider &amp; @Scripps_Ocean on The Crowd &amp; The Cloud tonight at 9pm on PBS, or stream it now! Link in\xe2\x80\xa6 https://t.co/dSXFhVqTrr'"
857381702783479808,2017-04-26 23:51:41,0,0,b'Thank you Eastern Surf Magazine for the shout out and sharing the stoke! https://t.co/JFrRLblb2j'
857380249570467843,2017-04-26 23:45:55,5,1,b'We are thrilled to be featured in the #citizens4Earth Ep 4 on @CrowdAndCloudTV !\n@Surfrider @Scripps_Ocean https://t.co/4k6tK8DZzQ'
856630480598294528,2017-04-24 22:06:36,1,0,"b""Every day is #EarthDay so it's not too late to post this ;) Thanks for the shout-out, SciStarter! https://t.co/5RscqMLDQr"""
839231656833732614,2017-03-07 21:49:53,2,0,"b""Last week, Smartfin and Surfrider's Shannon Waters had the pleasure of talking with students at High Tech Middle... https://t.co/hqjCYtRUte"""
839231608423055360,2017-03-07 21:49:42,0,0,"b""Last week, Smartfin and Surfrider's Shannon Waters had the pleasure of talking with students at High Tech Middle... https://t.co/5oD1akkBLa"""
839231057736138752,2017-03-07 21:47:30,0,0,"b""Last week, Smartfin and Surfrider's Shannon Waters had the pleasure of talking with students at\xe2\x80\xa6 https://t.co/N4pjuufg3w"""
838215971709964288,2017-03-05 02:33:55,2,2,b'The Smartfin Team had a great day attending th Citizen Sci Symposium at the Aquarium of the Pacific!\xe2\x80\xa6 https://t.co/aH7rRJKTok'
838215101324787714,2017-03-05 02:30:28,0,0,"b'Thanks @mentalfracking! For the moment, we are only focused on developing salinity, pH, dissolved O2, temperature, and chlorophyll sensors.'"
838213821835665408,2017-03-05 02:25:23,1,0,b'The Smartfin Team had a great day attending the Citizen Science Symposium at the Aquarium of the Pacific!!!... https://t.co/ET30hO1khk'
837834564777103360,2017-03-04 01:18:21,0,0,b'Want to know know more about how Smartfin became Smartfin? Check out this great interview between Andy Stern and... https://t.co/WkFm3g8NK4'
834934208782970880,2017-02-24 01:13:22,0,3,"b'RT @SUPScientist: Do you like pizza, beer, surfing, and/or science? Then come to @KarlStraussBeer to hear us talk about @TheSmartfin! https\xe2\x80\xa6'"
828763330533695488,2017-02-07 00:32:30,1,0,"b'Thank you, @Leinen4ocean ! We are extemely excited to be working with @SUPScientist and @Scripps_Ocean!'"
824329151716855809,2017-01-25 18:52:39,0,0,"b'Andy Stern was invited to join a remarkable panel in Cape Town, South Africa to present Smartfin and discuss... https://t.co/tPxnT97qCe'"
809161071650951168,2016-12-14 22:20:07,2,0,b'Excited to be on American Public Media #marketplace Today! Check out the podcast in our Bio #smartfin #oceanhealth #scripps #oceanresearch'
807383049268699137,2016-12-10 00:34:54,0,0,"b'Today we had the pleasure of talking with the students at the Pacific Ridge School about the Smartfin Project,... https://t.co/IxHChu52mQ'"
804079412555763727,2016-11-30 21:47:25,0,0,b'Stoked Smartfin Surfers!!\n\nThank you Tyler Cyronak and Travis Courtney for this amazing video!! https://t.co/1O1pRq2Sa1'
792094355653746688,2016-10-28 20:03:05,1,0,"b""@SUPScientist No solid date just yet, but we'll keep you posted! :)"""
792041978615652353,2016-10-28 16:34:57,1,0,b'A great day for Antarctica!!! https://t.co/FpqWUWt6qf'
791701903079944196,2016-10-27 18:03:37,1,0,"b""And that's a wrap!! Tyler Cyronak getting interviewed by Catherine Girardeau from NPR\xe2\x80\xa6 https://t.co/FbafAuAMHO"""
788399053251895297,2016-10-18 15:19:16,0,4,b'RT @SciStarter: 5 online #citsci projects you can join now: #citizenscience https://t.co/zrwB4xHwNy via @phillyhealthsci'
782334478974750720,2016-10-01 21:40:49,4,1,b'Thanks @Surfrider!! https://t.co/xNxTd3lUIo'
778668588982947840,2016-09-21 18:53:53,2,1,"b'If you love the ocean &amp; the science behind it, you will love Ocean Allison Podcast! Now you can support her podcast! https://t.co/gGPn9s3m8T'"
777934349530312704,2016-09-19 18:16:16,0,95,b'RT @MontereyAq: Happy 24th birthday to the beautiful Monterey Bay National Marine Sanctuary! @MBNMS @sanctuaries https://t.co/Z9WSvuc0RJ'
774016885260226560,2016-09-08 22:49:40,0,7,b'RT @SeaChangeDesign: #TheSmartfin and the Sea promise transformation\nhttps://t.co/lOfywfVMBV #BlueMind #100DaysofBlue #BornToCreate https:/\xe2\x80\xa6'
773938880475082752,2016-09-08 17:39:42,0,3,b'RT @chadenelsen: Coastal Commission rejects Newport Banning Ranch development - LA Times https://t.co/TKUjTZ1MXl'
773937798764044288,2016-09-08 17:35:24,0,3,b'RT @tacourtne: Spreading the word about banning single-use #plastic bags in #California. #Vote #YesOn67 this November to reduce plastic was\xe2\x80\xa6'
772475980891906049,2016-09-04 16:46:40,0,8,b'RT @Surfrider: Surfboard sensors serve science: https://t.co/pZ4DDtmM1P #citizenscience #protectandenjoy https://t.co/eaYrDhV9QK'
771783939102871552,2016-09-02 18:56:44,0,0,b'Thank you Lori Bell for publishing this wonderful article and spreading the world!\n\n#oceanhealthy... https://t.co/GfFCEEJjIE'
771779861824233473,2016-09-02 18:40:32,0,0,"b'""Translating laboratory studies into projections of #ourfutureocean is no easy feat! 393 scientific articles, 847... https://t.co/eBwy2qb1Xt'"
771043665745620992,2016-08-31 17:55:09,2,0,"b'Hi @MeganCimino to get started, sign up here:  https://t.co/rpmBhxHrvT  @Surfrider'"
771042991637090304,2016-08-31 17:52:29,0,5,b'RT @chadenelsen: .@Surfridersd asks beachgoers to Hold on to Your Butts https://t.co/eEyqyKNLez #hotyb https://t.co/B6zHFWkiUJ'
769926764315316225,2016-08-28 15:56:59,3,2,b'Want to learn more about Smartfin? Go to @Surfrider link: https://t.co/rpmBhxHrvT or go to the link in our bio. https://t.co/AQjq67GJ8I'
769925744935866368,2016-08-28 15:52:56,0,0,"b'If you missed it, or want to re-watch it, go to NBC  TODAY show and look up Smartfin. Want to learn more about... https://t.co/4JujsQbSGS'"
769908944068227073,2016-08-28 14:46:11,0,34,b'RT @Surfrider: Watch #Surfrider &amp; @TheSmartfin on @TODAYshow showing how surfers can collect data sets during surf session.  https://t.co/P\xe2\x80\xa6'
769701147145670656,2016-08-28 01:00:28,2,0,"b'A huge thank you to @surfrider CEO Chad Nelson, for being apart of the @TODAYShow piece for Smartfin!... https://t.co/RYidtcD96A'"
769695698459570176,2016-08-28 00:38:49,0,21,b'RT @Surfrider: Surfing for science! Watch @TODAYshow on Sun at 9am EST for interview w/CEO @chadenelsen! https://t.co/YFpNBvAAGl https://t.\xe2\x80\xa6'
769694459533459456,2016-08-28 00:33:54,0,35,b'RT @Scripps_Ocean: How a new underwater microscope opens unseen realms to exploration https://t.co/MNVVKRV3bp https://t.co/V8U99QuuHy'
769600717053042688,2016-08-27 18:21:24,2,0,"b'One more day, until the @NBCnews @TODAYShow piece on Smartfin airs! (August 28 at 9am EST and 6am PST) Get a... https://t.co/nO6ariQf8q'"
769599828737208320,2016-08-27 18:17:52,1,0,"b'One more day, until the nbcnews @TODAYShow piece on Smartfin airs! (August 28 at 9am EST and 6am\xe2\x80\xa6 https://t.co/aKbJBT3cKN'"
769574318892158976,2016-08-27 16:36:30,0,1,b'RT @tacourtne: .@dillkotte took this coring photo above the surface while maintaining the air compressor on the boat https://t.co/q2JDLzLB9M'
769362281394085888,2016-08-27 02:33:56,0,0,b'https://t.co/c2EnX2QVpQ'
769287833857036288,2016-08-26 21:38:06,0,0,"b""Set those DVRs to record! Smartfin's piece on NBC TODAY show will be airing this Sunday August 29, 2016 at 9am... https://t.co/6L4zPh2e0a"""
769285844989456386,2016-08-26 21:30:12,2,2,"b""Smartfin's NBC piece will be airing this Sunday 9am EST/6am PST! Get the inside look of what Smartfin is all about! https://t.co/rqbaF7eWFr"""
769203981331464192,2016-08-26 16:04:54,0,404,"b""RT @SylviaEarle: Mahalo, President Barack Obama for making #Papahanaumokuakea the World's Largest #BluePark! https://t.co/0JbDPopuIz https:\xe2\x80\xa6"""
768825005580783616,2016-08-25 14:59:00,0,2,b'RT @scoobyresearch: New @scoobyresearch paper on different #coral #reef community impacts on #ocean #chemistry https://t.co/UsTAZsq1wR http\xe2\x80\xa6'
766102188493975557,2016-08-18 02:39:29,0,243,b'RT @NOAANCEIclimate: July 2016 avg global temperature was record warm at 1.57\xc2\xb0F above avg: https://t.co/WRhkazdafY #StateOfClimate https://\xe2\x80\xa6'
765956989335724032,2016-08-17 17:02:31,0,12,b'RT @lushpalm: The oceans need our help. Fight climate change while you surf with @TheSmartfin. https://t.co/VpAyOxIWRN \xf0\x9f\x8c\x8a  @Oceana https://t\xe2\x80\xa6'
765955856298942465,2016-08-17 16:58:01,2,0,b'Thank you Lush Palm for talking with us! https://t.co/i71hVd522T'
765050785914769408,2016-08-15 05:01:35,0,5,"b'RT @scoobyresearch: The @NOAA #coral reef #CO2 moorings are cleaned, serviced, and back in the water to collect data at @BIOSstation https:\xe2\x80\xa6'"
763820808208736256,2016-08-11 19:34:06,1,1,b'Check out this new article written by Macy A\xc3\xb1onuevo!!... https://t.co/Rb8ogOFyhx'
763779692260241408,2016-08-11 16:50:43,1,0,b'Making great steps towards a plastic free planet! https://t.co/yvimYdmAiY'
763750702246092801,2016-08-11 14:55:31,0,1,"b'RT @Arkive: Ride a wave, save the ocean: @theSmartfin records data while you surf https://t.co/g2AY8zN5aL via @gmanews'"
763139366751395841,2016-08-09 22:26:18,0,8,b'RT @savingoceans: @NOAA Chesapeake Bay smart buoy to help the public monitor water quality + patterns! https://t.co/KxnE1eO6vw #Oceans http\xe2\x80\xa6'
761643710131994625,2016-08-05 19:23:05,0,0,b'Testing day for the Smartfin!! Tyler prepping the #seaphox. #SIO #scripps #oceanconservation\xe2\x80\xa6 https://t.co/WwcM6XDM0b'
760526010286616577,2016-08-02 17:21:45,0,8,"b""RT @Ocean_Allison: Hear @Surfrider CEO @chadenelsen on this week's Ocean Allison #podcast episode -&gt; https://t.co/rd48kFYbGU #surfrider htt\xe2\x80\xa6"""
760525475659722752,2016-08-02 17:19:37,0,0,b'Surfrider Foundation CEO Chad Nelson is on Ocean_Allison podcast today! https://t.co/BjGxN2BdW1'
756205892698312704,2016-07-21 19:15:09,0,41,b'RT @Surfrider: Plastic Bag Ban Approved in San Diego! https://t.co/d8F0sqaIGg via @KOGORadio @SurfriderSD #banthebag https://t.co/DlC6g56wA8'
754431898869379072,2016-07-16 21:45:56,0,3,"b""RT @SUPScientist: How 'bout a little [net primary] productivity on this lovely Saturday?! \n@sfei_asc #oceanography #dataviz https://t.co/ct\xe2\x80\xa6"""
753997337601593344,2016-07-15 16:59:08,0,19,"b'RT @MBNMS: Great whites migrate to the white shark ""cafe"" in the mid-Pacific to feed and potentially mate. #SharkAwarenessDay https://t.co/\xe2\x80\xa6'"
752280205134225408,2016-07-10 23:15:52,0,2507,b'RT @funforlouis: Retweet &amp; @BarefootWine will give $1 to @Surfrider #worldbeachrescueday for EVERY retweet! https://t.co/RwIktj2sQB https:/\xe2\x80\xa6'
751602085804675072,2016-07-09 02:21:16,0,5,b'RT @Surfrider: Watch Surfrider CEO @chadenelsen talk with @WSJ about #WorldBeachRescueDay: https://t.co/DHJoQnqMwk #ProtectandEnjoy https:/\xe2\x80\xa6'
750395139328094208,2016-07-05 18:25:17,0,4,b'RT @Ocean_Allison: New #podcast! Hear how @TheSmartfin is growing #oceandata &amp; community of #oceanadvocates: https://t.co/dZLGljEnxd https:\xe2\x80\xa6'
750392045081022464,2016-07-05 18:12:59,2,0,"b'Smartfin is on @Ocean_Allison Podcast this week! Hear from our founder, who is talking about the Smartfin Project. https://t.co/Zx4Fdmq4rQ'"
750390659438112768,2016-07-05 18:07:29,1,0,b'Smartfin is on Ocean_Allison podcast this week! Hear from our founder talking about Smartfin. The link to the... https://t.co/uQpbIA4yot'
748359056159453184,2016-06-30 03:34:37,0,6,"b'RT @Ocean_Allison: Spotted eagle ray, Abaco, Bahamas. Celebrate #flatsharks during #sharkweek! #elasmobranchlove https://t.co/chV9rszNeK'"
748208686384877568,2016-06-29 17:37:06,0,19,"b""RT @MissionBlue: Don't Miss: Monterey Bay scientists featured in #SharkWeek film, Blue Serengeti! https://t.co/yoBNdEypzr #BlueParks https:\xe2\x80\xa6"""
746498170926993408,2016-06-25 00:20:07,1,0,"b'Thank you Monterey Bay Aquarium, for letting us speak at one of your lunch seminars today! \n#montereybayaquarium... https://t.co/lGr3QJ0HLp'"
746497998654341120,2016-06-25 00:19:26,0,0,"b'Thank you Monterey Bay Aquarium, for letting us speak at one of your lunch seminars today!\xe2\x80\xa6 https://t.co/g8scwgbaIO'"
746486931538731008,2016-06-24 23:35:28,0,1,b'RT @luchardy: At Coral Reef Symposium in Hawaii \xe2\x80\x93 Considering working with Andreas and Tyler from Scripps and Smartfin https://t.co/HQdSwrJ\xe2\x80\xa6'
746051137497772038,2016-06-23 18:43:46,2,1,b'We had a lot of interest at the #ICRS2016 poster session last night! @CrowdAndCloudTV @scoobyresearch #CoralReefs https://t.co/QqJHvTEpFM'
745982915402571776,2016-06-23 14:12:41,0,3,b'RT @AbelValdivia: Climate change is the primary driver of contemporary reef degradation. R Aronson #ICRS2016 https://t.co/6cwR6aQw7I'
745825725513510912,2016-06-23 03:48:04,2,1,b'Like to surf? Like to science? Come see our poster this evening! #ICRS2016'
744961297217781761,2016-06-20 18:33:08,0,13,"b""RT @NOAACoral: It's the start of the #ICRS2016! Follow along this week for all things #corals from #Hawaii https://t.co/B8Dmq3m4RD https://\xe2\x80\xa6"""
744935843295485952,2016-06-20 16:51:59,0,0,b'Happy International Surfing Day!! \n.\n#thecrowd&amp;thecloud #citizenscience #surfing #ocean\xe2\x80\xa6 https://t.co/UOLkqbLOKf'
744631064534999040,2016-06-19 20:40:55,1,0,b'Is El Nino back or did @TheSmartfin just go to Hawaii for #ICRS2016? @CrowdAndCloudTV @scoobyresearch  #coralreef https://t.co/OfAIvlBLoh'
744577790754721793,2016-06-19 17:09:13,0,153,"b'RT @OurOcean: ""The ocean stirs the heart, inspires the imagination and brings eternal joy to the soul."" \xe2\x80\x94 Wyland, Marine Artist https://t.c\xe2\x80\xa6'"
744381721055944704,2016-06-19 04:10:06,0,1,b'RT @scoobyresearch: @scoobyresearch board meeting Ep-1 is out now! Watch @Scripps_Ocean #scientists talk about #research while #surfing htt\xe2\x80\xa6'
744381407502303233,2016-06-19 04:08:52,0,3,b'RT @CrowdAndCloudTV: First episode of #SCOOBY: discussing ocean-related topics while surfing and collecting data using @TheSmartfin\nhttps:/\xe2\x80\xa6'
744304056949055488,2016-06-18 23:01:30,0,0,b'Huge thanks to the @birch_aquarium for letting us be a part of #SeaDays this month! It was a great day.\n.... https://t.co/H3FvoZ3klw'
744303884965806080,2016-06-18 23:00:49,0,1,b'Huge thanks to the @birch_aquarium for letting us be a part of #SeaDays this month! It was a\xe2\x80\xa6 https://t.co/lhcomrFn4o'
744268870572113920,2016-06-18 20:41:41,0,0,"b'We here at the Birch Aquarium talking about Smartfin. If you are in the area, swing on by to talk and enjoy the... https://t.co/4eJ6hU3xfP'"
744268384569696256,2016-06-18 20:39:45,0,0,"b'We here at the Birch Aquarium talking about Smartfin. If you are in the area, swing on by to\xe2\x80\xa6 https://t.co/cp1U0TQ4w6'"
744212812898009088,2016-06-18 16:58:56,0,0,b'Smartfin is heading to Hawaii for the 2016 International Coral Reef Symposium! #ICRS2016\n.\n#thecrowd&amp;thecloud... https://t.co/E9e2hjVg8T'
744212491559788544,2016-06-18 16:57:39,0,0,b'Smartfin is heading to Hawaii for the 2016 International Coral Reef Symposium!\xe2\x80\xa6 https://t.co/xh1Pu9SZRs'
743910639681232897,2016-06-17 20:58:12,1,0,b'Happy Friday Everyone! Get out there and have some fun! .\n#thecrowd&amp;thecloud #citizenscience #surfing #ocean... https://t.co/kspbuiKpEd'
743902692699844608,2016-06-17 20:26:37,0,0,b'Happy Friday Everyone! Get out there and have some fun! \n.\n#thecrowd&amp;thecloud #citizenscience\xe2\x80\xa6 https://t.co/mdkJtFBcJH'
743569536394268672,2016-06-16 22:22:46,1,0,b'We are very excited to be working with the Surfrider Foundation. A great visit to the Surfrider San Clemente... https://t.co/O4eIvfIjWS'
743564189495492608,2016-06-16 22:01:32,0,0,b'We are very excited to be working with Surfrider Foundation. A great visit at the Surfrider San\xe2\x80\xa6 https://t.co/5YMoKUcdZD'
743189173650100224,2016-06-15 21:11:21,2,1,"b'The waves are up, the sun is out, hope everyone gets out for a surf!\n.\n#citizenscience #surfing #ocean... https://t.co/UImjjNDSBw'"
742875933544087552,2016-06-15 00:26:39,0,0,b'Tyler Cyronak uploading fin data from this morning surf session. \n.\n.\n #citizenscience #surfing\xe2\x80\xa6 https://t.co/hXEH4Wxoph'
742871275941421056,2016-06-15 00:08:08,1,1,b'Here is a graph showing temperature data from 3 Smartfins compared to data at 5m depth from the Scripps pier. https://t.co/HVHuQHb24B'
742835997528883201,2016-06-14 21:47:57,0,0,"b""If you haven't seen our second live video from The Crowd &amp; The Cloud Facebook Page, check it out! The Smartfin... https://t.co/Q4GoWrNrRu"""
742799433922838528,2016-06-14 19:22:40,1,0,b'The Smartfin Team is about to go live! They will talking about the uploading process of the smartfin after a surf... https://t.co/moPaHh1qVp'
742504419678248960,2016-06-13 23:50:23,0,0,"b""If you haven't already seen our live video from The Crowd &amp; The Cloud Facebook Page, check it out! The Smartfin... https://t.co/F80gGuNYkD"""
742468760687116290,2016-06-13 21:28:41,0,1,b'RT @scoobyresearch: Update from the field: Heather in #Hawaii with #coral mesocosm #aquariums ready for the week of experiments https://t.c\xe2\x80\xa6'
742466963792764928,2016-06-13 21:21:33,0,7,b'RT @CrowdAndCloudTV: Questions for the #surfer #scientists at @TheSmartfin &amp; @Scripps_Ocean? Tweet them to #crowdcloudlive. #citsci https:/\xe2\x80\xa6'
742466848759808000,2016-06-13 21:21:05,0,2,b'RT @CrowdAndCloudTV: #Surfers can collect scientific data while also searching for the perfect wave. More about @TheSmartfin. https://t.co/\xe2\x80\xa6'
742466773203587072,2016-06-13 21:20:47,0,1,b'RT @CrowdAndCloudTV: From just a few minutes ago - live from #sandiego with the @TheSmartfin team - https://t.co/jDk1xRmtOj - #surfing for\xe2\x80\xa6'
742466709546663937,2016-06-13 21:20:32,0,1,b'RT @CrowdAndCloudTV: Some explanation from #surfer #scientist Tyler Cyronak about how @thesmartfin\xe2\x80\xa6 https://t.co/XLT5fVAuNI'
740268689279221762,2016-06-07 19:46:23,0,0,b'Meet our newest #smartfin fan who we met at the The Boardroom show! \n\n[photo courtesy of https://t.co/9LzrEWTtEJ] https://t.co/H9Bk3B8upo'
723624998133358592,2016-04-22 21:30:18,2,0,b'Happy Earth Day 2016!  We put together a concept video animation for #smartfin - check it out!  \n\nAnimation by... https://t.co/Pp9EuIDsaj'
722554414381142018,2016-04-19 22:36:11,1,0,b'Missed the Live Hangout about citizen science from the U.S. Science &amp; Engineering Festival this past Saturday? No... https://t.co/2x2BXwyUuy'
721051016465022976,2016-04-15 19:02:13,2,0,"b'Did you know that this Saturday, April 16th is the first ever Citizen Science Day? \n\nAt 1pm EST/10am PST, The... https://t.co/45CFLRnICY'"
721039627587428352,2016-04-15 18:16:58,4,4,b'#smartfin on HuffPost! https://t.co/Ezah0yCjV2'
719955877449445376,2016-04-12 18:30:31,7,5,b'Surfrider Foundation is hiring for the #Smartfin Citizen Science project! https://t.co/wjN3nGgjqs'
696824529956401152,2016-02-08 22:34:48,1,0,b'#smartfin meets the The Grauer School in \nEncinitas.  Read all about it! https://t.co/lFE1JZRepQ'
691760033017757697,2016-01-25 23:10:18,1,1,b'GrindTV covers #smartfin! https://t.co/oqHwQHnOHd'
687045140431503360,2016-01-12 22:55:00,0,0,b'https://t.co/iAbpeJ2Arv'
686643957921517568,2016-01-11 20:20:51,0,0,b'https://t.co/5TWD0jlcTx'
682619181209006080,2015-12-31 17:47:49,5,3,"b'TransWorld Business on the #smartfin:\n""The Smartfin was designed with the goal measuring our oceans\xe2\x80\x99 health, and... https://t.co/pOPGEvHKf6'"
681906171175763968,2015-12-29 18:34:35,0,0,b'More #smartfin coverage on TreeHugger! https://t.co/ZwVitVk0Jk'
681583919611772928,2015-12-28 21:14:04,0,0,b'#smartfin in Gizmag! https://t.co/XeaJ7VzB8X'
679739880159617024,2015-12-23 19:06:31,0,0,"b'#Smartfin joined top professional surfers, marine scientists, artists, musicians, farmers and friends at... https://t.co/TYmJEbLPsA'"
679424964357787648,2015-12-22 22:15:09,0,0,b'Making progress on the custom #smartfin charger!  Smartfins charge wirelessly using Qi technology. Check out the... https://t.co/WdHmHhDudt'
679423551326191618,2015-12-22 22:09:32,0,0,"b'Had a great week with PBS\' ""Crowd &amp; the Cloud"" film crew! #Smartfin is honored to be a part of this series on... https://t.co/kMKxdrUVwE'"
677949802697494528,2015-12-18 20:33:23,0,1,b'The #smartfin team visited our PCB manufacturers in San Diego and were entertained by this fast moving circuit... https://t.co/IV3zqiSwLt'
676933642892017665,2015-12-16 01:15:31,2,0,"b""Great Big Story's piece on #Smartfin went live this morning! https://t.co/0xNmCKc13s"""
675443862249168896,2015-12-11 22:35:40,0,0,"b""Pics from yesterday's film shoot with Discovery Channel Canada's Daily Planet!  Thanks to all of the surfers who... https://t.co/5ijqZcGlYX"""
667474385901481984,2015-11-19 22:47:49,0,0,b'Drone takes off to film #smartfin surfers at Scripps Pier. https://t.co/dywgkaE7pC'
667414071625383936,2015-11-19 18:48:09,1,0,"b""Great day filming with CNN's Great Big Story at Scripps Institution of Oceanography! Can't wait to see their... https://t.co/iMDAWNqDln"""
662057766102548481,2015-11-05 00:04:06,0,0,b'Check out this resin infusion time-lapse video. This is how #smartfins are made! https://t.co/HEzPK6H0bx'
662057112810315776,2015-11-05 00:01:30,0,0,b'First production run-- #smartfin is scaling up!'
659082402577252352,2015-10-27 19:01:04,0,0,b'Straight from the circuit board printer...the latest #smartfin pcbs are ready to be encased in their fins! https://t.co/yGA8NfxL2Q'
656637326861307905,2015-10-21 01:05:13,0,0,"b'Science4surfing needs you! Take 5-10 minutes to fill out this survey and join 3,000 surfers from around the world... https://t.co/NY7gmu5F4e'"
656636265555587073,2015-10-21 01:01:00,0,0,"b'Science4surfing needs you! Take 5-10 minutes to fill out this survey and join 3,000 surfers from around the world... https://t.co/2SXC5Yo4B9'"
654308981200982017,2015-10-14 14:53:12,0,0,b'#smartfin &amp; citizen science: beautiful video by The Crowd &amp; The Cloud http://t.co/Lm400DpX5K'
652582687790661632,2015-10-09 20:33:31,0,0,"b'#smartfin making the rounds in DC!\n\n1) Senator Roger Wicker (D-Mississippi) \n2) Congressman Dan Lapinsky,... http://t.co/PoeCbQIRGS'"
651465906300715008,2015-10-06 18:35:50,0,0,"b'""The use of a singular word for describing the Ocean as ""Our Ocean"" relates to what the scientific community has... http://t.co/AFiXJh4dKv'"
650049250630438912,2015-10-02 20:46:33,0,2,b'RT @jonathanknowles: Cowabunga! Surfboard at the White House. https://t.co/piz9LeSB6w'
650049166232715264,2015-10-02 20:46:13,0,13,"b'RT @jonathanknowles: Sensors in @TheSmartfin fin map waves, predict conditions, turns surfers into #citizenscience scientists @SylviaEarle \xe2\x80\xa6'"
650048164582428672,2015-10-02 20:42:14,0,0,b'http://t.co/UGcMUjhML2'
650048108085182464,2015-10-02 20:42:00,0,0,b'http://t.co/pFtEYORQL4'
649697002687631360,2015-10-01 21:26:50,0,0,"b""Last minute preparation for  #smartfin's visit to The White House! Thanks to our creative director Todd McGrain... https://t.co/tlDif2F7aP"""
649270339575394305,2015-09-30 17:11:26,1,0,b'#smartfin will be at the San Diego Maker Faire this weekend! Stop by our booth and see the fin in action!... http://t.co/UQkEo0PHzx'
649262646265573376,2015-09-30 16:40:52,0,0,b'#smartfin at The White House! Check out 1:49:00 on the video links below.... http://t.co/D3jnxZKKoE'
649260473964216321,2015-09-30 16:32:14,0,0,b'#smartfin founder speaks at the @WhiteHouse! #citizenscience https://t.co/PuA7DU2VpF'
649252896803057664,2015-09-30 16:02:07,0,6,b'RT @SciStarter: #WHCitSci SmartFin (sensors on surf boards) turns surfers into citizen scientists! http://t.co/0KmujV55Qa'
649248806433853440,2015-09-30 15:45:52,0,0,b'#smartfin visited the @whitehouseostp earlier this morning! check out the rest of the live feed! https://t.co/s6DFqrSgHx'
649247958102216705,2015-09-30 15:42:30,0,0,"b'#smartfin found Andy Stern participates in the Open Science Forum at the Whitehouse!\n\n""Open Science and... http://t.co/QBpaZAvJxe'"
647492099978469377,2015-09-25 19:25:21,0,0,b'Visiting Aquatic Oddities in San Diego where the resin infusion takes place.'
647123528584699904,2015-09-24 19:00:46,0,0,b'Infusing bio-resin into the #smartfin to encase the electronics'
647122279105564672,2015-09-24 18:55:48,0,0,"b'#Smartfin starts the fabrication process at Futures Fins in Huntington Beach, CA. Big thanks to John, Mac and Alex for showing us around!'"
644211325107761152,2015-09-16 18:08:43,0,0,"b'""...Quite simply, no ocean, no life. No blue, no green. If not for the ocean, there would be no climate to... http://t.co/K8TbwzJHfF'"
641318800516882433,2015-09-08 18:34:51,0,0,b'http://t.co/czGwseBEl9'
639108549348450304,2015-09-02 16:12:06,0,1,b'Disruptive Sustainability Innovations in Surfing. How do we make them stick and where to from here?\n\n#theSmartfin... http://t.co/dk0p0Xq03k'
638814359183974400,2015-09-01 20:43:06,0,0,b'#theSmartfin http://t.co/nhLnusrMCc'
635855108765384705,2015-08-24 16:44:06,0,0,"b""Check out today's #GoogleDoodle! The artwork features the legendary Duke Kahanamoku on (what would be) his 125th... http://t.co/yAFpXUyynu"""
634075829237100545,2015-08-19 18:53:52,0,0,b'Smartfin founder Andrew Stern on Yale Climate Connections in May 2015. http://t.co/5rw1m5beVL'
634075548822700032,2015-08-19 18:52:46,0,0,b'Smartfin founder Andrew Stern on Yale Climate Connections in May 2015. http://t.co/6KYIdartFH'
633360491256152065,2015-08-17 19:31:23,0,0,"b""Save the Date: September 19 &amp; 20, San Diego. \nThe Center for Surf Research's Sustainable Stoke Conference is... http://t.co/giXtSZXI5D"""
631483268689489920,2015-08-12 15:11:58,0,0,"b'XPrize Phase 3: #TheSmartfin at the Seattle Aquarium for the month-long performance test. To reach this point,... http://t.co/TIJqxzVwLm'"
631479597553577986,2015-08-12 14:57:23,0,0,b'Smartfin embarks on a month-long performance test in a coastal environment at the Seattle Aquarium for the XPRIZE! http://t.co/frus9Bedvz'
627223465666441217,2015-07-31 21:05:02,0,0,"b'Welcome to the world,  #protoSmartfin!'"
627165431124635648,2015-07-31 17:14:25,0,0,"b'Great CBS Morning Show segment on Sustainable Surf\'s Ecoboard Project.\n\n""Our epiphany was, \'Hey, what if we used... http://t.co/71yjYdqLwG'"
627156051511627777,2015-07-31 16:37:09,0,0,b'Our first prototype about to hit the waves! #TheSmartfin http://t.co/TnI3F9uZir'
624333008611508224,2015-07-23 21:39:23,0,1,"b'Upworthy on #TheSmartfin\n\n""This surfboard is so smart, it may change what we know about the ocean."" http://t.co/enBjRM9GlS'"
623964179347689472,2015-07-22 21:13:47,0,0,b'Big congrats the Wendy Schmidt Ocean Health XPRIZE winners! \n\nThe Wendy Schmidt Ocean Health XPRIZE is global... http://t.co/eF6q9T3JAR'
623246814360289280,2015-07-20 21:43:14,0,0,b'Working on perfecting #theSmartfin templates to get ready for final assembly this week! http://t.co/abea85AXQM'
622185908922642432,2015-07-17 23:27:34,1,0,b'Outside Magazine on #TheSmartfin http://t.co/gG2xy6d3ZH'
622127271583858688,2015-07-17 19:34:34,0,0,b'Envisioning #TheSmartfin http://t.co/V0LGtCDmbK'
621776955243954176,2015-07-16 20:22:32,0,0,b'Touring the manufacturing facility on Monday - we got to see the first 3 printed circuit boards being made! 12... http://t.co/ryuHY6nNCd'
621491539844403200,2015-07-16 01:28:24,0,0,b'The TerraMar Project on #theSmartfin http://t.co/aDBb8GQ6ID'
621490434406281216,2015-07-16 01:24:00,0,0,"b'GOOD Magazine on #theSmartfin\n\n""Below the surface, the ocean offers researchers a wealth of information on... http://t.co/APSmkn4P1d'"
621488487435489280,2015-07-16 01:16:16,0,0,"b'OnEarth features Smartfin as part of their weekly roundup of the best in science journalism, doodled. http://t.co/situeoyLUP'"
621487343896272896,2015-07-16 01:11:44,0,0,"b'Yale Climate Connections speaks with Smartfin founder Andrew Stern\n\n""So soon, surfers will have another good... http://t.co/QVPwSsmMwu'"
621480067089215488,2015-07-16 00:42:49,0,0,"b""In case you missed it--  Smithsonian Magazine's SMARTNEWS on Smartfin! http://t.co/Eh9r0KZ73i"""
621437310798835712,2015-07-15 21:52:55,0,0,"b""We're working hard on Smartfin.  Stay tuned for more updates! http://t.co/foDAnoncMV"""
565163657647366144,2015-02-10 15:01:30,0,0,b'Team Smartphin after a successful deployment this past weekend. Thanks to everyone at Wendy Schmidt\xe2\x80\xa6 http://t.co/fstCwJTfCb'
564495718074040321,2015-02-08 18:47:21,0,0,b'Here goes nothing! #deploymenttime #xprize http://t.co/wHeXc4epHZ'
564481667864477696,2015-02-08 17:51:31,0,0,b'Specially designed water tank with water from #elliotbay at the Seattle Aquarium for #xprize. It\xe2\x80\xa6 http://t.co/90BmIrUoIK'
564475454753886210,2015-02-08 17:26:50,0,0,b'Ready to drop the Smartphin in the water at the #seattle aquarium for #xprize #oceanhealth #ph http://t.co/gBTsj2PvI6'
564445047945703424,2015-02-08 15:26:00,0,0,b'Doing some last minute testing before heading to deploy at the Wendy Schmidt Ocean Heath #XPRIZE looks\xe2\x80\xa6 http://t.co/txvt0Jla23'
564443893605732354,2015-02-08 15:21:25,0,1,b'RT @BoardFormula: Stoked to go deploy @smartphin at the Wendy Schmidt Ocean Health #XPRIZE!'
558094838789591041,2015-01-22 02:52:33,0,1,b'Underwater shoots #ocean #data #surfing http://t.co/MZwdHac2JR'
558094605720494083,2015-01-22 02:51:37,1,0,b'Smartphin in the news http://t.co/Z4oAZfEbUB #oceanhealth #surfboard'
